{"_timestamp":1.7464025921660457e+09,"_runtime":71.1091447,"_step":319,"epoch":319,"train_loss":0.09976400434970856,"_wandb":{"runtime":71},"train_accuracy":0.9693847894668579}