{"train_loss":0.8298665285110474,"train_accuracy":0.4765625,"_step":0,"epoch":0,"f1":0.9,"balanced_accuracy":0.9090909090909092,"_wandb":{"runtime":75},"_timestamp":1.746402830437313e+09,"_runtime":75.4618872}