{"train_loss":0.09382458031177521,"_step":639,"bal_acc":0.984375,"_wandb":{"runtime":146},"step":63,"_runtime":145.8495368,"balanced_accuracy":0.9281949934123848,"_timestamp":1.7464613797988586e+09,"train_accuracy":0.9704345464706421,"f1":0.9047619047619048,"epoch":319}