{"train_accuracy":0.970703125,"_timestamp":1.7464013859288821e+09,"_runtime":72.8133871,"_step":319,"_wandb":{"runtime":72},"epoch":319,"train_loss":0.09298709779977798}