{"_timestamp":1.746616416759357e+09,"_wandb":{"runtime":139},"train_accuracy":0.96826171875,"step":63,"bal_acc":1,"train_loss":0.09950845688581467,"_runtime":139.0162108,"_step":319,"epoch":4,"f1":1}