{"_runtime":75.1419435,"epoch":0,"f1":0.9047619047619048,"_step":0,"train_loss":1.0688855648040771,"train_accuracy":0.4765625,"_timestamp":1.7464009577915196e+09,"balanced_accuracy":0.9281949934123848,"_wandb":{"runtime":75}}