{"f1":0.9523809523809523,"_wandb":{"runtime":73},"_runtime":73.3384372,"epoch":0,"train_loss":0.8558273315429688,"_step":0,"_timestamp":1.7464017881806338e+09,"train_accuracy":0.453125,"balanced_accuracy":0.9545454545454546}