{"_timestamp":1.746470866428022e+09,"bal_acc":0.5,"_wandb":{"runtime":2282},"_step":24,"f1":0,"_runtime":2259.5551251,"train_accuracy":0.5146874785423279,"step":4,"epoch":4,"train_loss":1.4010199308395386}