{"balanced_accuracy":0.9281949934123848,"_runtime":85.084247,"_step":0,"train_loss":0.9838335514068604,"epoch":0,"train_accuracy":0.4609375,"f1":0.9047619047619048,"_timestamp":1.7464019400408313e+09,"_wandb":{"runtime":86}}