{"final_train_loss":0.09343815594911575,"final_epoch":4,"_wandb":{"runtime":71},"final_eval_accuracy":0.9281949934123848,"final_train_accuracy":0.970019519329071,"final_eval_loss":0.9047619047619048,"_timestamp":1.746386464461796e+09,"_runtime":71.1225724,"_step":0}