{"step":63,"bal_acc":0.9765625,"train_loss":0.10240712016820908,"train_accuracy":0.9666503667831421,"_wandb":{"runtime":152},"_step":319,"_runtime":151.8576898,"f1":0.9763779527559054,"epoch":4,"_timestamp":1.746461890490833e+09}